{
  "0": {
    "min": 0.0,
    "max": 0.9999999999999999
  },
  "1": {
    "min": 0.0,
    "max": 1.0
  },
  "2": {
    "min": 0.0,
    "max": 1.0
  },
  "3": {
    "min": 0.0,
    "max": 0.9999999999999998
  },
  "4": {
    "min": 0.0,
    "max": 1.0
  },
  "5": {
    "min": 0.0,
    "max": 1.0
  },
  "6": {
    "min": 0.0,
    "max": 1.0
  },
  "7": {
    "min": 0.0,
    "max": 0.9999999999999999
  },
  "8": {
    "min": 0.0,
    "max": 1.0
  },
  "9": {
    "min": 0.0,
    "max": 1.0
  }
}